epoch,tr_mae,val_mae
1,49.26765698802714,49.4206
2,49.11541280941088,49.31562
3,48.97059265448122,49.158947
4,48.76745247354313,48.92577
5,48.554762859733735,48.64932
6,48.29819145981146,48.345684
7,48.01749700429488,47.996006
8,47.69810587046098,47.535004
